{
  "methods": {
    "\u9057\u6f0f\u503c\u6cd5": {
      "hit3_total": 1.0,
      "hit4_total": 0.2,
      "hit5_total": 0.0,
      "periods": 4,
      "window": null,
      "\u4f9d\u636e": "\u9057\u6f0f\u503c>20\u671f\u4f18\u5148"
    },
    "\u70ed\u53f7\u6cd5": {
      "hit3_total": 0.6000000000000001,
      "hit4_total": 0.0,
      "hit5_total": 0.0,
      "periods": 4,
      "window": 30,
      "\u4f9d\u636e": "30\u671f\u5185\u51fa\u73b0\u226510\u6b21"
    },
    "\u5927\u5c0f\u53f7\u6cd5": {
      "hit3_total": 0.5,
      "hit4_total": 0.1,
      "hit5_total": 0.1,
      "periods": 4,
      "window": 50,
      "\u4f9d\u636e": "\u5c0f:01-10/\u4e2d:11-20/\u5927:21-30\u5747\u8861"
    },
    "\u5947\u5076\u6cd5": {
      "hit3_total": 1.2,
      "hit4_total": 0.4,
      "hit5_total": 0.2,
      "periods": 4,
      "window": 50,
      "\u4f9d\u636e": "\u5947\u5076\u6bd4\u4f8b3-4\u4e2a"
    },
    "\u548c\u503c\u6cd5": {
      "hit3_total": 1.2,
      "hit4_total": 0.2,
      "hit5_total": 0.1,
      "periods": 4,
      "window": 200,
      "\u4f9d\u636e": "\u5386\u53f2\u5e73\u5747\u548c\u503c105\u00b120"
    },
    "\u4e09\u533a\u6bd4": {
      "hit3_total": 2.6999999999999997,
      "hit4_total": 1.3,
      "hit5_total": 0.4,
      "periods": 4,
      "window": 100,
      "\u4f9d\u636e": "01-10/11-20/21-30\u5206\u5e03\u5747\u8861"
    },
    "012\u8def\u6cd5": {
      "hit3_total": 1.2000000000000002,
      "hit4_total": 0.2,
      "hit5_total": 0.0,
      "periods": 4,
      "window": 100,
      "\u4f9d\u636e": "\u96643\u4f590/1/2\u54042-3\u4e2a"
    },
    "\u8fde\u53f7\u6cd5": {
      "hit3_total": 1.6,
      "hit4_total": 0.30000000000000004,
      "hit5_total": 0.0,
      "periods": 4,
      "window": 30,
      "\u4f9d\u636e": "\u6bcf\u671f1-2\u7ec4\u8fde\u53f7"
    },
    "\u540c\u5c3e\u6cd5": {
      "hit3_total": 0.6,
      "hit4_total": 0.1,
      "hit5_total": 0.0,
      "periods": 4,
      "window": 50,
      "\u4f9d\u636e": "\u5c3e\u6570\u91cd\u590d\u6982\u7387"
    },
    "\u91cd\u53f7\u6cd5": {
      "hit3_total": 3.1,
      "hit4_total": 1.5,
      "hit5_total": 0.8,
      "periods": 4,
      "window": 30,
      "\u4f9d\u636e": "\u4e0e\u4e0a\u671f\u91cd\u590d2-3\u4e2a"
    },
    "AC\u503c\u6cd5": {
      "hit3_total": 0.6,
      "hit4_total": 0.1,
      "hit5_total": 0.0,
      "periods": 4,
      "window": 50,
      "\u4f9d\u636e": "AC\u503c10-12\u4e3a\u4f73"
    },
    "\u6781\u8ddd\u6cd5": {
      "hit3_total": 0.7,
      "hit4_total": 0.1,
      "hit5_total": 0.0,
      "periods": 4,
      "window": 100,
      "\u4f9d\u636e": "\u6781\u8ddd18-22"
    },
    "\u5468\u671f\u56de\u8865\u6cd5": {
      "hit3_total": 1.0,
      "hit4_total": 0.2,
      "hit5_total": 0.1,
      "periods": 4,
      "window": null,
      "\u4f9d\u636e": "\u5468\u671f\u6027\u9057\u6f0f\u56de\u8865"
    }
  },
  "periods": 4
}